Nome,Indirizzo,Rating,Recensioni_totali
Web Agency Ieros,"Via Giacomo Costamagna, 30, 00181 Roma RM, Italia",5.0,77
LONE - Social Media Manager | Roma Marketing,"Via delle Vigne Nuove, 140, 00139 Roma RM, Italia",5.0,21
vkng - Agenzia di marketing,"Via Ostiense, 92, 00154 Roma RM, Italia",5.0,12
Axante,"Via Innocenzo XI, 40, 00165 Roma RM, Italia",5.0,42
Noviia Agency S.r.l.,"Via Germanico, 42, 00192 Roma RM, Italia",5.0,77
WEBOOM - Agenzia di Marketing,"Via Pistoia, 23, 00182 Roma RM, Italia",5.0,50
Growell,"Viale Giulio Cesare, 99, 00192 Roma RM, Italia",5.0,21
Digital Room Agency,"Via Casilina, 3, 00182 Roma RM, Italia",5.0,31
NDV Comunicazione,"Via Federico Rosazza, 58, 00153 Roma RM, Italia",5.0,28
Up Marketing,"Via Vertumno, 2/c, 00157 Roma RM, Italia",5.0,22
IDEARIA | Web Marketing Lab,"Via Tacito, 7, 00193 Roma RM, Italia",5.0,91
Purobianco Branding Agency,"Via Vittorio Veneto, 54b, 00187 Roma RM, Italia",5.0,14
I-PR AGENCY Social Media Marketing Roma,"Via Simone de Saint Bon, 26, 00192 Roma RM, Italia",5.0,9
Secret Key,"Via dei Magazzini Generali, 8B, 00154 Roma RM, Italia",4.9,98
Nagency Comunicazione,"Via del Carroccio, 26, 00162 Roma RM, Italia",4.9,17
Bliss Branding Agency | Roma,"Via del Mandrione, 63, 00181 Roma RM, Italia",4.9,207
SUNET,"V. di Pietra Papa, 1, 00146 Roma RM, Italia",4.9,55
COSE Agency,"Via Latina, 174, 00179 Roma RM, Italia",4.9,73
Bake Agency,"Via Suvereto, 187, 00139 Roma RM, Italia",4.8,29
dunp comunicazione | Agenzia di Marketing a Roma,"Via Giuseppe Rosaccio, 6, 00156 Roma RM, Italia",4.7,23
