Nome,Indirizzo,Rating,Recensioni_totali
NDV Comunicazione,"Via Federico Rosazza, 58, 00153 Roma RM, Italia",5.0,28
Purobianco Branding Agency,"Via Vittorio Veneto, 54b, 00187 Roma RM, Italia",5.0,14
Axante,"Via Innocenzo XI, 40, 00165 Roma RM, Italia",5.0,42
LONE - Social Media Manager | Roma Marketing,"Via delle Vigne Nuove, 140, 00139 Roma RM, Italia",5.0,21
I-PR AGENCY Social Media Marketing Roma,"Via Simone de Saint Bon, 26, 00192 Roma RM, Italia",5.0,9
Up Marketing,"Via Vertumno, 2/c, 00157 Roma RM, Italia",5.0,22
Digital Room Agency,"Via Casilina, 3, 00182 Roma RM, Italia",5.0,31
Enzima,"Via di Affogalasino, 34, 00148 Roma RM, Italia",5.0,61
Growell,"Viale Giulio Cesare, 99, 00192 Roma RM, Italia",5.0,21
Noviia Agency S.r.l.,"Via Germanico, 42, 00192 Roma RM, Italia",5.0,77
WEBOOM - Agenzia di Marketing,"Via Pistoia, 23, 00182 Roma RM, Italia",5.0,50
Secret Key,"Via dei Magazzini Generali, 8B, 00154 Roma RM, Italia",4.9,98
SUNET,"V. di Pietra Papa, 1, 00146 Roma RM, Italia",4.9,55
Manà Comunicazione,"Via Adriano Fiori, 32B, 00156 Roma RM, Italia",4.9,17
Nagency Comunicazione,"Via del Carroccio, 26, 00162 Roma RM, Italia",4.9,17
COSE Agency,"Via Latina, 174, 00179 Roma RM, Italia",4.9,73
Bliss Branding Agency | Roma,"Via del Mandrione, 63, 00181 Roma RM, Italia",4.9,207
Bake Agency,"Via Suvereto, 187, 00139 Roma RM, Italia",4.8,29
Socialmediamarketing.it - Social Media Agency Roma,"P.za Marianna Benti-Bulgarelli, 42, 00139 Roma RM, Italia",4.8,23
dunp comunicazione | Agenzia di Marketing a Roma,"Via Giuseppe Rosaccio, 6, 00156 Roma RM, Italia",4.7,23
